{"chunk_definitions":[{"row":30,"row_count":1,"visible":true,"expansion_state":0,"options":{"include":false,"engine":"r","label":"unnamed-chunk-10"},"document_id":"7614AF4B","chunk_id":"csetup_chunk","chunk_label":"setup"},{"row":45,"row_count":1,"visible":true,"expansion_state":0,"options":{"engine":"r","label":"unnamed-chunk-11"},"document_id":"7614AF4B","chunk_id":"cyjnq9llawg4j","chunk_label":"unnamed-chunk-1"},{"row":59,"row_count":1,"visible":true,"expansion_state":0,"options":{"engine":"r","label":"unnamed-chunk-12"},"document_id":"7614AF4B","chunk_id":"cgza12njr6fia","chunk_label":"unnamed-chunk-2"},{"row":72,"row_count":1,"visible":true,"expansion_state":0,"options":{"engine":"r","label":"unnamed-chunk-13"},"document_id":"7614AF4B","chunk_id":"c97odrcoh263v","chunk_label":"unnamed-chunk-3"},{"row":86,"row_count":1,"visible":true,"expansion_state":0,"options":{"engine":"r","label":"unnamed-chunk-14"},"document_id":"7614AF4B","chunk_id":"cohsw3jgw65pj","chunk_label":"unnamed-chunk-4"},{"row":113,"row_count":1,"visible":true,"expansion_state":0,"options":{"engine":"r","label":"unnamed-chunk-15"},"document_id":"7614AF4B","chunk_id":"cn2ieoleagj2t","chunk_label":"unnamed-chunk-5"},{"row":122,"row_count":1,"visible":true,"expansion_state":0,"options":{"engine":"r","label":"unnamed-chunk-16"},"document_id":"7614AF4B","chunk_id":"c0lk0sbq8x9w5","chunk_label":"unnamed-chunk-6"},{"row":131,"row_count":1,"visible":true,"expansion_state":0,"options":{"engine":"r","label":"unnamed-chunk-17"},"document_id":"7614AF4B","chunk_id":"cqx2bg06pgxjy","chunk_label":"unnamed-chunk-7"},{"row":140,"row_count":1,"visible":true,"expansion_state":0,"options":{"fig.width":7,"fig.height":6,"engine":"r","label":"unnamed-chunk-18"},"document_id":"7614AF4B","chunk_id":"cxtcbfzv4ciu9","chunk_label":"barplot"},{"row":144,"row_count":1,"visible":true,"expansion_state":0,"options":{"engine":"r","label":"unnamed-chunk-19"},"document_id":"7614AF4B","chunk_id":"cyesd7ow0bp9i","chunk_label":"unnamed-chunk-8"},{"row":156,"row_count":1,"visible":true,"expansion_state":0,"options":{"engine":"r","label":"unnamed-chunk-24"},"document_id":"7614AF4B","chunk_id":"c3hp7kp1imqh9","chunk_label":"unnamed-chunk-9"},{"row":172,"row_count":1,"visible":true,"expansion_state":0,"options":{"engine":"r","label":"unnamed-chunk-25"},"document_id":"7614AF4B","chunk_id":"c19ou2q1k9862","chunk_label":"unnamed-chunk-10"}],"doc_write_time":1706040305,"chunk_rendered_width":661}