"0","# Write code here"
"0","sep_pcsalles <- pc_sales_long %>% separate(year,into=c(""drop1"",""drop2"",""year""), sep=""_"") %>% "
"0","    select(-drop1,-drop2) %>% "
"0","    mutate(year = as.numeric(year))"
"0",""
"0","View(sep_pcsalles)"
"0","glimpse(sep_pcsalles)"
"1","Rows: 222"
"1",""
"1","
"
"1","Columns: 3"
"1",""
"1","
"
"1","$ country [3m[38;5;246m<chr>[39m[23m ""EUROPE"", ""EUROPE"", ""EUROPE"", ""EU 27 countries + EFTA + UK"", ""EU 27 countries + EFTA + UK"", ""EU 27…
$ year    [3m[38;5;246m<dbl>[39m[23m 2019, 2020, 2021, 2019, 2020, 2021, 2019, 2020, 2021, 2019, 2020, 2021, 2019, 2020, 2021, 2019, 20…
$ sale    [3m[38;5;246m<dbl>[39m[23m 17950631, 14177970, 14020486, 15789210, 11955992, 11782751, 320381, 257721, 239803, 550008, 431491…"
"1",""
"1","
"
"0","typeof(sep_pcsalles$year)"
"1","[1]"
"1"," ""double"""
"1","
"
