{"chunk_definitions":[{"row":30,"row_count":1,"visible":true,"expansion_state":0,"options":{"include":false,"engine":"r","label":"unnamed-chunk-57"},"document_id":"7614AF4B","chunk_id":"csetup_chunk","chunk_label":"setup"},{"row":41,"row_count":1,"visible":true,"expansion_state":0,"options":{"engine":"r","label":"unnamed-chunk-59"},"document_id":"7614AF4B","chunk_id":"cyjnq9llawg4j","chunk_label":"unnamed-chunk-1"},{"row":55,"row_count":1,"visible":true,"expansion_state":0,"options":{"engine":"r","label":"unnamed-chunk-42"},"document_id":"7614AF4B","chunk_id":"cgza12njr6fia","chunk_label":"unnamed-chunk-2"},{"row":68,"row_count":1,"visible":true,"expansion_state":0,"options":{"engine":"r","label":"unnamed-chunk-43"},"document_id":"7614AF4B","chunk_id":"c97odrcoh263v","chunk_label":"unnamed-chunk-3"},{"row":82,"row_count":1,"visible":true,"expansion_state":0,"options":{"engine":"r","label":"unnamed-chunk-44"},"document_id":"7614AF4B","chunk_id":"cohsw3jgw65pj","chunk_label":"unnamed-chunk-4"},{"row":109,"row_count":1,"visible":true,"expansion_state":0,"options":{"engine":"r","label":"unnamed-chunk-45"},"document_id":"7614AF4B","chunk_id":"cn2ieoleagj2t","chunk_label":"unnamed-chunk-5"},{"row":118,"row_count":1,"visible":true,"expansion_state":0,"options":{"engine":"r","label":"unnamed-chunk-46"},"document_id":"7614AF4B","chunk_id":"c0lk0sbq8x9w5","chunk_label":"unnamed-chunk-6"},{"row":127,"row_count":1,"visible":true,"expansion_state":0,"options":{"engine":"r","label":"unnamed-chunk-47"},"document_id":"7614AF4B","chunk_id":"cqx2bg06pgxjy","chunk_label":"unnamed-chunk-7"},{"row":136,"row_count":1,"visible":true,"expansion_state":0,"options":{"fig.width":7,"fig.height":6,"engine":"r","label":"unnamed-chunk-48"},"document_id":"7614AF4B","chunk_id":"cxtcbfzv4ciu9","chunk_label":"barplot"},{"row":152,"row_count":1,"visible":true,"expansion_state":0,"options":{"engine":"r","label":"unnamed-chunk-50"},"document_id":"7614AF4B","chunk_id":"c3hp7kp1imqh9","chunk_label":"unnamed-chunk-9"},{"row":168,"row_count":1,"visible":true,"expansion_state":0,"options":{"engine":"r","label":"unnamed-chunk-51"},"document_id":"7614AF4B","chunk_id":"c19ou2q1k9862","chunk_label":"unnamed-chunk-10"},{"row":140,"row_count":1,"visible":true,"expansion_state":0,"options":{"engine":"r","label":"unnamed-chunk-49"},"document_id":"7614AF4B","chunk_id":"cyesd7ow0bp9i","chunk_label":"unnamed-chunk-8"}],"doc_write_time":1695598929,"chunk_rendered_width":661}