"0","#| label: setup"
"0","#| include: false"
"0",""
"0","knitr::opts_chunk$set("
"0","    warning = FALSE,"
"0","    message = FALSE,"
"0","    fig.path = ""figs/"", # Folder where rendered plots are saved"
"0","    fig.width = 7.252, # Default plot width"
"0","    fig.height = 4, # Default plot height"
"0","    fig.retina = 3, # For better plot resolution"
"0","    comment = ""#>"""
"0",")"
"0",""
"0","# Load libraries"
"0","library(tidyverse)"
"0","library(readxl)"
"0","library(here)"
"0","library(janitor)"
