{"chunk_definitions":[{"row":30,"row_count":1,"visible":true,"expansion_state":0,"options":{"include":false,"engine":"r","label":"unnamed-chunk-1"},"document_id":"7614AF4B","chunk_id":"csetup_chunk","chunk_label":"setup"},{"row":43,"row_count":1,"visible":true,"expansion_state":0,"options":{"engine":"r","label":"unnamed-chunk-16"},"document_id":"7614AF4B","chunk_id":"cyjnq9llawg4j","chunk_label":"unnamed-chunk-1"},{"row":57,"row_count":1,"visible":true,"expansion_state":0,"options":{"engine":"r","label":"unnamed-chunk-17"},"document_id":"7614AF4B","chunk_id":"cgza12njr6fia","chunk_label":"unnamed-chunk-2"},{"row":70,"row_count":1,"visible":true,"expansion_state":0,"options":{"engine":"r","label":"unnamed-chunk-24"},"document_id":"7614AF4B","chunk_id":"c97odrcoh263v","chunk_label":"unnamed-chunk-3"},{"row":84,"row_count":1,"visible":true,"expansion_state":0,"options":{"engine":"r","label":"unnamed-chunk-31"},"document_id":"7614AF4B","chunk_id":"cohsw3jgw65pj","chunk_label":"unnamed-chunk-4"},{"row":111,"row_count":1,"visible":true,"expansion_state":0,"options":{"engine":"r","label":"unnamed-chunk-37"},"document_id":"7614AF4B","chunk_id":"cn2ieoleagj2t","chunk_label":"unnamed-chunk-5"},{"row":120,"row_count":1,"visible":true,"expansion_state":0,"options":{"engine":"r","label":"unnamed-chunk-40"},"document_id":"7614AF4B","chunk_id":"c0lk0sbq8x9w5","chunk_label":"unnamed-chunk-6"},{"row":129,"row_count":1,"visible":true,"expansion_state":0,"options":{"engine":"r","label":"unnamed-chunk-41"},"document_id":"7614AF4B","chunk_id":"cqx2bg06pgxjy","chunk_label":"unnamed-chunk-7"}],"doc_write_time":1695594277}