"0","regions <- c("
"0","    ""EUROPE"","
"0","    ""EU 27 countries + EFTA + UK"","
"0","    ""OTHER COUNTRIES"","
"0","    ""RUSSIA, TURKEY & OTHER EUROPE"","
"0","    ""AMERICA"","
"0","    ""NAFTA"","
"0","    ""AFRICA"","
"0","    ""CENTRAL & SOUTH AMERICA"","
"0","    ""ASIA/OCEANIA/MIDDLE EAST"","
"0","    ""ASEAN"","
"0","    ""ALL COUNTRIES/REGIONS"","
"0","    ""OTHER COUNTRIES/REGIONS"","
"0","    ""TOTAL OICA MEMBERS"""
"0",")"
"0",""
"0","# Write code here"
"0",""
"0","filter_regions_pcsale <- sep_pcsalles %>% filter(!country %in% regions) %>% "
"0","    mutate(country=str_to_title(country))"
"0",""
"0","View(filter_regions_pcsale)"
